Time,Throughput
3.0,0.001536
3.5,0.0
4.0,0.001536
4.5,0.0
5.0,2.572608
5.5,3.168
6.0,4.416
6.5,3.6
7.0,3.336
7.5,3.648
8.0,0.624
8.5,0.096
9.0,2.616
9.5,4.224
10.0,1.536
10.5,0.024
11.0,5.928
11.5,3.072
12.0,3.264
12.5,4.896
13.0,5.952
13.5,3.48
14.0,2.232
14.5,1.872
15.0,2.448
15.5,2.664
16.0,1.68
16.5,1.08
17.0,0.768
17.5,1.536
18.0,1.272
18.5,1.8
19.0,2.976
19.5,0.0
20.0,0.0
20.5,0.12
21.0,0.0
21.5,0.0
22.0,0.0
22.5,0.024
23.0,0.0
23.5,0.0
24.0,0.0
24.5,0.12
25.0,1.32
25.5,1.512
26.0,0.696
26.5,1.2
27.0,5.184
27.5,1.968
28.0,2.304
28.5,1.968
29.0,2.16
29.5,2.424
30.0,1.944
30.5,1.728
31.0,2.52
31.5,2.16
32.0,2.376
32.5,1.944
33.0,1.392
