Time,Throughput
3.5,0.004608
4.0,0.003072
4.5,0.004608
5.0,0.654464
5.5,4.383232
6.0,8.919168
6.5,9.584128
7.0,1.93504
7.5,0.001856
8.0,5.096832
8.5,7.694976
9.0,6.373888
9.5,0.574336
10.0,0.931008
10.5,1.027904
11.0,1.36256
11.5,0.001856
12.0,0.001856
12.5,3.529152
13.0,2.159616
13.5,3.643648
14.0,2.481088
14.5,1.04992
15.0,1.93504
15.5,1.208448
16.0,0.640384
16.5,0.56992
17.0,1.477056
17.5,3.168064
18.0,4.0752
18.5,3.137216
19.0,2.300544
19.5,1.366976
20.0,0.001856
20.5,0.001856
21.0,0.001856
21.5,2.754112
22.0,4.484736
22.5,1.595968
23.0,0.001856
23.5,0.001856
24.0,0.001856
24.5,0.001856
25.0,0.001856
25.5,0.001856
26.0,0.001856
26.5,0.001856
27.0,0.001856
27.5,0.001856
28.0,0.001856
28.5,0.001856
29.0,0.001856
29.5,0.001856
30.0,0.001856
30.5,0.798912
31.0,1.137984
31.5,1.115968
32.0,1.208448
32.5,1.25248
33.0,1.300928
33.5,1.274496
34.0,1.274496
34.5,1.503488
35.0,2.32256
35.5,1.754496
36.0,1.459456
36.5,1.84256
37.0,2.142016
37.5,2.142016
38.0,2.142016
38.5,2.181632
39.0,2.142016
39.5,2.12
40.0,2.159616
40.5,0.935424
41.0,1.366976
41.5,2.02752
42.0,1.913024
42.5,0.913408
43.0,1.84256
43.5,0.842944
44.0,1.230464
44.5,1.322944
45.0,1.846976
45.5,1.54752
46.0,2.071552
46.5,1.684032
47.0,1.120384
47.5,2.274112
48.0,2.4352
48.5,2.890624
49.0,1.778368
49.5,0.251008
50.0,2.438912
50.5,1.4576
51.0,2.049536
51.5,1.525504
52.0,1.728064
52.5,1.802944
53.0,1.25248
53.5,1.979072
54.0,1.913024
54.5,1.846976
55.0,0.798912
55.5,2.91264
56.0,1.274496
56.5,1.82496
57.0,2.82016
57.5,2.80256
58.0,1.798528
58.5,1.754496
59.0,1.388992
59.5,1.846976
60.0,1.798528
60.5,2.071552
61.0,2.547136
61.5,2.41504
62.0,2.437056
62.5,2.366592
63.0,1.961472
