{"bbr": {}, "cubic": {}, "fillp": {}, "fillp_sheep": {}, "indigo": {}, "ledbat": {}, "pcc": {}, "pcc_experimental": {}, "scream": {}, "vegas": {}, "vivace": {"1": {"all": {"tput": 2.304912616156693, "delay": 1069.518, "loss": 0.28093794029180474}, "1": {"tput": 2.304912616156693, "delay": 1069.518, "loss": 0.28093794029180474}}}, "webrtc": {}}