{"bbr": {}, "cubic": {"1": {"all": {"tput": 2.7096910989435066, "delay": 627.119, "loss": 0.051766979569298766}, "1": {"tput": 2.7096910989435066, "delay": 627.119, "loss": 0.051766979569298766}}}, "fillp": {}, "fillp_sheep": {"1": {"all": {"tput": 3.141856244047356, "delay": 4270.572, "loss": 0.23246108945695454}, "1": {"tput": 3.141856244047356, "delay": 4270.572, "loss": 0.23246108945695454}}}, "indigo": {}, "ledbat": {}, "pcc": {}, "pcc_experimental": {"1": {"all": {"tput": 3.206321917203788, "delay": 3221.462, "loss": 0.44249270319582246}, "1": {"tput": 3.206321917203788, "delay": 3221.462, "loss": 0.44249270319582246}}}, "scream": {}, "vegas": {}, "vivace": {"1": {"all": {"tput": 2.981654825809281, "delay": 1339.487, "loss": 0.01671679415436378}, "1": {"tput": 2.981654825809281, "delay": 1339.487, "loss": 0.01671679415436378}}}, "webrtc": {"1": {"all": {"tput": 0.0026688254785014703, "delay": 477.445, "loss": 0.0}, "1": {"tput": 0.0026688254785014703, "delay": 477.445, "loss": 0.0}}}}